{
    "consentModal": {
        "label": "Cookie Consent",
        "title": "Hello traveller, it's cookie time!",
        "description": "Our website uses essential cookies to ensure its proper operation and tracking cookies to understand how you interact with it. The latter will be set only after consent. <button type=\"button\" data-cc=\"show-preferencesModal\" class=\"cc__link\">Manage preferences</button>",
        "acceptAllBtn": "Accept all",
        "acceptNecessaryBtn": "Reject all",
        "showPreferencesBtn": "Manage preferences",
        "footer": "<a href=\"#link\">Privacy Policy</a><a href=\"#link\">Terms and conditions</a>"
    },
    "preferencesModal": {
        "title": "Consent preferences center",
        "acceptAllBtn": "Accept all",
        "acceptNecessaryBtn": "Reject all",
        "savePreferencesBtn": "Save preferences",
        "closeIconLabel": "Close modal",
        "serviceCounterLabel": "Service|Services",
        "sections": [
            {
                "title": "Somebody said ... cookies?",
                "description": "Lorem ipsum dolor sit amet, consectetur adipiscing elit, sed do eiusmod tempor incididunt ut labore et dolore magna aliqua.Lorem ipsum dolor sit amet, consectetur adipiscing elit, sed do eiusmod tempor incididunt ut labore et dolore magna aliqua."
            },
            {
                "title": "Strictly necessary cookies <span class=\"pm__badge\">Always enabled</span>",
                "description": "Lorem ipsum dolor sit amet, consectetur adipiscing elit, sed do eiusmod tempor incididunt ut labore et dolore magna aliqua.",
                "linkedCategory": "necessary"
            },
            {
                "title": "Analytics cookies",
                "description": "Lorem ipsum dolor sit amet, consectetur adipiscing elit, sed do eiusmod tempor incididunt ut labore et dolore magna aliqua.",
                "linkedCategory": "analytics",
                "cookieTable": {
                    "headers": {
                        "name": "Name",
                        "description": "Description",
                        "Service": "Provider"
                    },
                    "body": [
                        {
                            "name": "_ga_*, _gid",
                            "description": "Used to track you ...",
                            "Service": "Google Analytics"
                        }
                    ]
                }
            },
            {
                "title": "Advertisement cookies",
                "description": "Lorem ipsum dolor sit amet, consectetur adipiscing elit, sed do eiusmod tempor incididunt ut labore et dolore magna aliqua.Lorem ipsum dolor sit amet, consectetur adipiscing elit, sed do eiusmod tempor incididunt ut labore et dolore magna aliqua.",
                "linkedCategory": "ads"
            },
            {
                "title": "Your consent details",
                "description": "</p><p>consent id: <span id=\"consent-id\">-</span><p>consent date: <span id=\"consent-timestamp\">-</span></p><p>last update: <span id=\"last-consent-timestamp\">-</span></p>"
            },
            {
                "title": "More information",
                "description": "For any queries in relation to our policy on cookies and your choices, please <a class=\"cc__link\" href=\"#yourdomain.com\">contact me</a>."
            }
        ]
    }
}